trial_global_id,condition,stimulus_id,stimulus_text,n_siblings,n_condition,corr_loo,rms_resid,max_abs_z,p99_abs_z,frac_abs_gt3,frac_abs_gt5,spatial_std,frac_out_sib_clim,rz_corr_loo,rz_rms_resid,rz_max_abs_z,rz_p99_abs_z,rz_frac_abs_gt3,rz_frac_abs_gt5,rz_spatial_std,rz_frac_out_sib_clim,rank_corr_low,rank_rms_high,pct_corr_low,pct_rms_high,flag,why
3015,condAN1,black_point_0.1,cond1: black point 0.1 diameter,27,28,-0.4948847416327542,5.426432644622209,16.183191299438477,11.655916128158573,0.4905,0.3512,5.0442097244243485,0.426,3.031683924142502,6.833923062268226,3.913838351434363,6.060928999665782,10.723934679317113,236.20666396870365,7.622264754360717,286.65857277755293,1.0,1.0,0.03571428571428571,0.03571428571428571,outlier,corr bottom 4% (rank 1/28); corr rz=3.0; rms rz=6.8; rms rank 1; p99|z| rz=6.1; max|z| rz=3.9; frac>|5| rz=236.2; out_clim=0.426 rz=286.7
2999,condAN1,black_point_0.1,cond1: black point 0.1 diameter,27,28,-0.42549928520822883,3.025039690867329,14.455815315246582,8.84836373329163,0.232,0.1036,2.845380657942627,0.1036,2.731098628383853,2.9349976056351244,3.214494281684816,3.93067343671975,4.6699117166539255,69.20275192229866,3.335645979450238,69.20275192229866,2.0,2.0,0.07142857142857142,0.07142857142857142,outlier,corr bottom 7% (rank 2/28); corr rz=2.7; rms rz=2.9; rms rank 2; p99|z| rz=3.9; max|z| rz=3.2; frac>|5| rz=69.2; out_clim=0.104 rz=69.2
2994,condAN1,black_point_0.1,cond1: black point 0.1 diameter,27,28,-0.20930025298065016,1.7836614004881934,9.115342140197754,4.969261393547063,0.0966,0.0095,1.6725881476028508,0.0075,1.7945010560157895,0.919483480759028,1.052354551361907,0.9873697414491027,1.4988683543924335,5.73317145555106,1.0492861752563962,4.384189936597869,3.0,5.0,0.10714285714285714,0.17857142857142858,outlier,corr bottom 11% (rank 3/28); frac>|5| rz=5.7; out_clim=0.007 rz=4.4
3011,condAN1,black_point_0.1,cond1: black point 0.1 diameter,27,28,-0.08513395561087259,1.5396137885011856,7.670055866241455,4.029981479644776,0.0436,0.0026,1.3395714379329022,0.0018,1.256599237084196,0.5232453534176297,0.4672170977723751,0.27468268157015624,0.2576179984111994,1.0791852151625523,0.40006987109218134,0.5395926075812761,4.0,7.0,0.14285714285714285,0.25,,corr bottom 14% (rank 4/28)
2995,condAN1,black_point_0.1,cond1: black point 0.1 diameter,27,28,-0.008737442207109319,1.344908615698121,5.882693767547607,3.539441576004029,0.0247,0.0009,1.291837283106962,0.0009,0.9256412848023844,0.20712010053346372,-0.25641290267678374,-0.09751887038956591,-0.1850165624953161,-0.06744907594765955,0.30701210348282265,-0.06744907594765955,5.0,10.0,0.17857142857142858,0.35714285714285715,,
2996,condAN1,black_point_0.1,cond1: black point 0.1 diameter,27,28,0.038382971884050085,2.7567314181726656,13.450774192810059,8.79346067428589,0.2181,0.0966,2.7184763313056854,0.1044,0.7215105586282635,2.49936962854843,2.807594130668053,3.889015248226612,4.344376245934319,64.4813166059625,3.088245907533912,69.74234452987994,6.0,3.0,0.21428571428571427,0.10714285714285714,amp_clim_only,rms rz=2.5; rms rank 3; p99|z| rz=3.9; max|z| rz=2.8; frac>|5| rz=64.5; out_clim=0.104 rz=69.7
2993,condAN1,black_point_0.1,cond1: black point 0.1 diameter,27,28,0.041731888536535096,0.9377832819338168,6.227625370025635,2.87054421424866,0.008,0.0003,0.8923423834483412,0.0002,0.7070026897702811,-0.45389263600008445,-0.11676416790809502,-0.6050507435344764,-0.5761275237195916,-0.4721435316336167,-0.47180347771090436,-0.5395926075812761,7.0,17.0,0.25,0.6071428571428571,,
3018,condAN1,black_point_0.1,cond1: black point 0.1 diameter,27,28,0.07339913868383031,1.285380659892328,8.225020408630371,4.18598771095276,0.0374,0.0048,1.2123096895793397,0.0018,0.5698167398336121,0.11046992009980078,0.6918996018668885,0.39305380892852143,0.11241512657943248,2.5630648860110616,0.1519730052938827,0.5395926075812761,8.0,13.0,0.2857142857142857,0.4642857142857143,,frac>|5| rz=2.6
3016,condAN1,black_point_0.1,cond1: black point 0.1 diameter,27,28,0.07848668812113539,0.9270164908893428,5.098882675170898,2.408497738838198,0.0029,0.0001,0.831360466145243,0.0,0.5477769258567083,-0.47137370490382613,-0.5737460393384032,-0.9556326512425214,-0.6955685957102388,-0.6070416835289356,-0.5906877673659284,-0.6744907594765952,9.0,18.0,0.32142857142857145,0.6428571428571429,,
3001,condAN1,black_point_0.1,cond1: black point 0.1 diameter,27,28,0.0900759609219171,1.4020188630135029,9.136601448059082,3.9674494791030908,0.0422,0.0012,1.3115981008925501,0.0012,0.49757094362410725,0.29984486544309025,1.0609615778667678,0.22723596525611156,0.22483025315886496,0.13489815189531895,0.345535831324398,0.13489815189531895,10.0,9.0,0.35714285714285715,0.32142857142857145,,
3014,condAN1,black_point_0.1,cond1: black point 0.1 diameter,27,28,0.1266817722841855,1.260585312088578,5.459793567657471,3.720915534496308,0.0403,0.0004,1.2590739789106598,0.0,0.3389906127909222,0.07021194707337491,-0.42762794190139414,0.040176123411728944,0.18033259888783962,-0.40469445568595713,0.24314001945553068,-0.6744907594765952,11.0,14.0,0.39285714285714285,0.5,,
3017,condAN1,black_point_0.1,cond1: black point 0.1 diameter,27,28,0.12803431142289834,1.3372886208723234,8.139020919799805,4.1442535018920905,0.053,0.0017,1.3391395375630275,0.0015,0.33313126707230784,0.19474820123257686,0.6570819170863019,0.36138760345389254,0.477764287962588,0.47214353163361655,0.3992278810245504,0.3372453797382976,12.0,11.0,0.42857142857142855,0.39285714285714285,,
3013,condAN1,black_point_0.1,cond1: black point 0.1 diameter,27,28,0.13513887866598698,0.8438330394435348,4.628824234008789,2.429177191257477,0.0042,0.0,0.6777369290065389,0.0,0.30235351398043403,-0.6064311830668813,-0.7640535266896448,-0.9399419312276827,-0.6651228322616425,-0.6744907594765952,-0.8901769585019235,-0.6744907594765952,13.0,19.0,0.4642857142857143,0.6785714285714286,,
2998,condAN1,black_point_0.1,cond1: black point 0.1 diameter,27,28,0.1959867724028101,1.5663884795462977,6.551835536956787,4.472067470550537,0.0948,0.0025,1.554722866650521,0.0019,0.038753862444395916,0.5667170077947458,0.014495302913993308,0.6101193926175877,1.456712681925146,1.011736139214893,0.8195077291087928,0.6070416835289356,14.0,6.0,0.5,0.21428571428571427,,
2992,condAN1,black_point_0.1,cond1: black point 0.1 diameter,27,28,0.21387822931610326,0.7018819010414752,3.4167022705078125,2.019319944381714,0.0003,0.0,0.6895034630173287,0.0,-0.0387538624443958,-0.8369044616065053,-1.2547922626366734,-1.2509247936551593,-0.7564601226074313,-0.6744907594765952,-0.867238092368514,-0.6744907594765952,15.0,22.0,0.5357142857142857,0.7857142857142857,,
3006,condAN1,black_point_0.1,cond1: black point 0.1 diameter,27,28,0.22317219518465548,1.9265460757706214,10.103020668029785,6.333158383369451,0.1368,0.0372,1.956167199846275,0.0319,-0.0790163269913914,1.1514724590519485,1.4522252961097168,2.0222388164364586,2.4403450394951807,24.416565493052744,1.6021237323217203,20.84176446782679,16.0,4.0,0.5714285714285714,0.14285714285714285,,frac>|5| rz=24.4; out_clim=0.032 rz=20.8
3002,condAN1,black_point_0.1,cond1: black point 0.1 diameter,27,28,0.2345991242187523,0.6090838773915364,5.0135040283203125,1.9775355291366579,0.0006,0.0001,0.5934145600540467,0.0,-0.128519018482126,-0.9875722547172695,-0.6083123705278062,-1.2826290935225342,-0.7494341771962167,-0.6070416835289356,-1.0545634746739327,-0.6744907594765952,17.0,25.0,0.6071428571428571,0.8928571428571429,,
3012,condAN1,black_point_0.1,cond1: black point 0.1 diameter,27,28,0.32831943341254355,1.1740966234245929,6.480228900909424,3.8093523311614996,0.0395,0.0015,1.102269989578553,0.0012,-0.5345255263192691,-0.07021194707337491,-0.014495302913993308,0.10727833614677577,0.16159674445793415,0.3372453797382976,-0.0625494654153292,0.13489815189531895,18.0,15.0,0.6428571428571429,0.5357142857142857,,
3000,condAN1,black_point_0.1,cond1: black point 0.1 diameter,27,28,0.32983062037039823,0.5280327807772286,4.79628324508667,1.848786247968675,0.0007,0.0,0.5272925267461301,0.0,-0.5410721515355703,-1.1191676203917746,-0.6962562043954906,-1.3803187654712552,-0.7470921953924786,-0.6744907594765952,-1.1834684240097604,-0.6744907594765952,19.0,28.0,0.6785714285714286,1.0,,
3004,condAN1,black_point_0.1,cond1: black point 0.1 diameter,27,28,0.35505336537572474,1.2986863983568244,7.574504852294922,4.14708701133728,0.0604,0.0019,1.3259349505628844,0.0016,-0.6503398087357215,0.13207324925815828,0.42853239011544564,0.3635375541616021,0.6510709414392132,0.6070416835289356,0.3734855296009715,0.40469445568595713,20.0,12.0,0.7142857142857143,0.42857142857142855,,
3008,condAN1,black_point_0.1,cond1: black point 0.1 diameter,27,28,0.35846212585210774,0.7517890710120393,5.590125560760498,2.991977379322055,0.01,0.0005,0.7835563407173103,0.0004,-0.6651069275061877,-0.755874684633732,-0.37486183463269684,-0.5129122402970316,-0.5292878876448281,-0.3372453797382976,-0.6838819427119159,-0.40469445568595713,21.0,21.0,0.75,0.75,,
3010,condAN1,black_point_0.1,cond1: black point 0.1 diameter,27,28,0.36279435017222594,0.6736305125415204,4.805888652801514,2.459736289978029,0.0034,0.0,0.6698856984606967,0.0,-0.6838745914470026,-0.882773696641726,-0.6923673666529391,-0.9167549409627483,-0.6838586866915478,-0.6744907594765952,-0.9054829378420133,-0.6744907594765952,22.0,24.0,0.7857142857142857,0.8571428571428571,,
3005,condAN1,black_point_0.1,cond1: black point 0.1 diameter,27,28,0.3795934863999674,0.5807417496511417,4.593901634216309,2.1031199622154246,0.0013,0.0,0.6149395018131083,0.0,-0.7566502650782371,-1.0335888148847279,-0.778192262719678,-1.1873407784497372,-0.7330403045700495,-0.6744907594765952,-1.0126005859347527,-0.6744907594765952,23.0,26.0,0.8214285714285714,0.9285714285714286,,
3019,condAN1,black_point_0.1,cond1: black point 0.1 diameter,27,28,0.3963326387823796,1.0453931591447296,5.678588390350342,3.615015966892243,0.0278,0.0004,1.0924425922991894,0.0004,-0.8291660822090157,-0.2791761702976466,-0.33904684366773663,-0.040176123411728944,-0.11241512657943264,-0.40469445568595713,-0.08170798315933439,-0.40469445568595713,24.0,16.0,0.8571428571428571,0.5714285714285714,,
2997,condAN1,black_point_0.1,cond1: black point 0.1 diameter,27,28,0.46146232498611894,0.5478594864500899,4.085092544555664,2.260678389072423,0.0017,0.0,0.590426272610739,0.0,-1.111314921447597,-1.0869767840906113,-0.9841883068613382,-1.0677919087955867,-0.7236723773550968,-0.6744907594765952,-1.0603891430965393,-0.6744907594765952,25.0,27.0,0.8928571428571429,0.9642857142857143,,
3009,condAN1,black_point_0.1,cond1: black point 0.1 diameter,27,28,0.49549426609447883,0.759995690387385,7.087284088134766,2.7894383955001847,0.0076,0.0003,0.7931907905019941,0.0001,-1.2587449681811589,-0.7425503358863091,0.23127657829885875,-0.6665905110173982,-0.5854954509345445,-0.4721435316336167,-0.6650995762412745,-0.6070416835289356,26.0,20.0,0.9285714285714286,0.7142857142857143,,
3003,condAN1,black_point_0.1,cond1: black point 0.1 diameter,27,28,0.5597490989862757,1.4202593237223442,8.306509017944336,4.567317237854005,0.0801,0.0052,1.1664397186214588,0.0049,-1.5371038483264872,0.32946025866193646,0.7248910155471705,0.6823910079357921,1.1124413567756342,2.8328611898016995,0.0625494654153292,2.6305139619587212,27.0,8.0,0.9642857142857143,0.2857142857142857,,frac>|5| rz=2.8; out_clim=0.005 rz=2.6
3007,condAN1,black_point_0.1,cond1: black point 0.1 diameter,27,28,0.624197435417201,0.6855811956309171,6.599488735198975,3.1673628330230743,0.0121,0.0011,0.8022238642573319,0.0011,-1.8163010067153624,-0.8633704488523349,0.03378813892668339,-0.3798369541191163,-0.4801062697663264,0.06744907594765955,-0.6474895927527722,0.06744907594765955,28.0,23.0,1.0,0.8214285714285714,,
3021,condAN2,black_point_0.05,cond2: black point 0.05 diameter,29,30,-0.7648425439398272,2.8913839464645754,8.233675003051758,5.3617892599105845,0.283,0.0208,2.4320111402296893,0.0646,2.052073757772405,3.8264605721293923,1.4279514594325802,2.004004210683202,18.528056771682834,55.44314042897612,3.640241612685145,108.25576689599355,1.0,2.0,0.03333333333333333,0.06666666666666667,outlier,corr bottom 3% (rank 1/30); rms rz=3.8; rms rank 2; frac>|5| rz=55.4; out_clim=0.065 rz=108.3
3032,condAN2,black_point_0.05,cond2: black point 0.05 diameter,29,30,-0.7079108274433846,1.714404357971587,5.738582134246826,3.5859768700599677,0.0322,0.0008,1.3283979526673355,0.0006,1.9533010003445654,1.3903943422844456,0.00979090069270819,0.48088498544719294,1.4409575316090897,1.4838796708485096,0.9941410388910762,0.3372453797382975,2.0,7.0,0.06666666666666667,0.23333333333333334,,corr bottom 7% (rank 2/30)
3040,condAN2,black_point_0.05,cond2: black point 0.05 diameter,29,30,-0.6722892304918717,2.156211141368973,10.156210899353027,5.517417354583743,0.1157,0.0184,1.7949504089033075,0.0199,1.8914998889183199,2.3048287094333744,2.5206821609563104,2.1374868602796933,7.129844240325827,48.96802913800081,2.1127800113718993,32.88142452448402,3.0,5.0,0.1,0.16666666666666666,outlier,corr bottom 10% (rank 3/30); rms rz=2.3; max|z| rz=2.5; frac>|5| rz=49.0; out_clim=0.020 rz=32.9
3044,condAN2,black_point_0.05,cond2: black point 0.05 diameter,29,30,-0.6383372769735356,1.5894811356883891,5.4577131271362305,3.3477860283851637,0.0238,0.0003,1.1886434364968297,0.0012,1.8325954982650459,1.1318331521815934,-0.1498493888679191,0.2765880381437906,0.8686623417501607,0.13489815189531895,0.6590557847488099,1.3489815189531902,4.0,8.0,0.13333333333333333,0.26666666666666666,,corr bottom 13% (rank 4/30)
3039,condAN2,black_point_0.05,cond2: black point 0.05 diameter,29,30,-0.4981617370189953,1.2992364616684788,5.118462562561035,3.0985703158378612,0.0126,0.0003,0.9914925386789131,0.0004,1.5894002205306847,0.5310960997424969,-0.3426725804316114,0.06283502843333443,0.10560208860492143,0.13489815189531895,0.18635293041604561,0.0,5.0,9.0,0.16666666666666666,0.3,,
3036,condAN2,black_point_0.05,cond2: black point 0.05 diameter,29,30,-0.4558288913671561,1.2164207270128846,5.745669841766357,2.834987318515779,0.0078,0.0002,0.9262015876553926,0.0002,1.5159555371078592,0.35968733746089454,0.013819410966515181,-0.16324084138327774,-0.22142373417160963,-0.13489815189531904,0.029806755620416285,-0.3372453797382976,6.0,10.0,0.2,0.3333333333333333,,
3025,condAN2,black_point_0.05,cond2: black point 0.05 diameter,29,30,-0.3772249520215117,1.0777703153514056,6.299131393432617,2.9520509624481206,0.0095,0.0005,0.7999116926774995,0.0004,1.3795829084282885,0.0727141487116308,0.3283958153822754,-0.06283502843333481,-0.10560208860492155,0.6744907594765952,-0.2729947760498591,0.0,7.0,14.0,0.23333333333333334,0.4666666666666667,,
3048,condAN2,black_point_0.05,cond2: black point 0.05 diameter,29,30,-0.34077795838161545,0.9960193691173944,5.201907157897949,2.2298933959007265,0.0029,0.0001,0.6862657910820976,0.0001,1.3163497884152564,-0.09649075622095024,-0.2952443522376442,-0.6822315815514917,-0.5552625949226517,-0.40469445568595713,-0.5454801801842191,-0.5058680696074465,8.0,17.0,0.26666666666666666,0.5666666666666667,,
3023,condAN2,black_point_0.05,cond2: black point 0.05 diameter,29,30,-0.25612998078230376,0.876200258877345,3.4363410472869873,2.000603995323182,0.0007,0.0,0.6260216643545824,0.0,1.1694911536734696,-0.344487655232247,-1.2987565874818139,-0.8788937380712334,-0.7051494303618951,-0.6744907594765952,-0.6899257342043806,-0.6744907594765952,9.0,20.0,0.3,0.6666666666666666,,
3045,condAN2,black_point_0.05,cond2: black point 0.05 diameter,29,30,-0.10708465041221035,1.1124619943112797,8.051690101623535,2.7889803552627566,0.0068,0.0004,0.7198246458784899,0.0012,0.9109073770308429,0.14451762635645599,1.3245149049386056,-0.20270114170886552,-0.28955411391672026,0.40469445568595713,-0.465017110393665,1.3489815189531902,10.0,11.0,0.3333333333333333,0.36666666666666664,,
3030,condAN2,black_point_0.05,cond2: black point 0.05 diameter,29,30,-0.03239434531135193,0.8851889898563458,4.066341400146484,2.1655523157119756,0.0006,0.0,0.5985050731521577,0.0,0.7813246445586997,-0.32588313209421865,-0.9406770692450956,-0.737417104959278,-0.7119624683364062,-0.6744907594765952,-0.7559014479691084,-0.6744907594765952,11.0,19.0,0.36666666666666664,0.6333333333333333,,
3026,condAN2,black_point_0.05,cond2: black point 0.05 diameter,29,30,0.024068524546271567,0.8331239661979978,4.633450508117676,2.415171813964844,0.0022,0.0,0.6178168158188848,0.0,0.6833653049966262,-0.43364527778493406,-0.618343668560052,-0.5233177671262466,-0.6029538607442291,-0.6744907594765952,-0.7095982559383384,-0.6744907594765952,12.0,21.0,0.4,0.7,,
3029,condAN2,black_point_0.05,cond2: black point 0.05 diameter,29,30,0.20186865174143478,1.0877432946409633,6.237611770629883,3.47763421535492,0.0209,0.0005,0.848265113652504,0.0002,0.37489386034618694,0.09335583043301218,0.2934293002123694,0.3879591892102118,0.6710842404893396,0.6744907594765952,-0.1570592141801469,-0.3372453797382976,13.0,13.0,0.43333333333333335,0.43333333333333335,,
3022,condAN2,black_point_0.05,cond2: black point 0.05 diameter,29,30,0.36530559412219055,0.7542418590620505,4.613202095031738,2.2479435229301457,0.0017,0.0,0.7153225704147503,0.0001,0.09134159004829591,-0.5969123719738295,-0.6298524589439957,-0.6667499374016989,-0.6370190506167844,-0.6744907594765952,-0.4758116030674783,-0.5058680696074465,14.0,23.0,0.4666666666666667,0.7666666666666667,,
3037,condAN2,black_point_0.05,cond2: black point 0.05 diameter,29,30,0.3771239346456358,0.5875655260645494,4.171370506286621,1.9149201571941379,0.0009,0.0,0.5732105125631421,0.0,0.07083755199079578,-0.9418925144497858,-0.8809806396212208,-0.9523850043177403,-0.6915233544128729,-0.6744907594765952,-0.8165494649036481,-0.6744907594765952,15.0,28.0,0.5,0.9333333333333333,,
3031,condAN2,black_point_0.05,cond2: black point 0.05 diameter,29,30,0.45878417239263436,0.5379618141784432,4.207563400268555,1.927512240409853,0.0011,0.0,0.5315950519727431,0.0,-0.07083755199079587,-1.0445603334859876,-0.8604093272690614,-0.9415847395255564,-0.6778972784638508,-0.6744907594765952,-0.916329619207701,-0.6744907594765952,16.0,29.0,0.5333333333333333,0.9666666666666667,,
3042,condAN2,black_point_0.05,cond2: black point 0.05 diameter,29,30,0.5808369370640327,0.5912271530485065,5.1390204429626465,2.443100512027742,0.0039,0.0001,0.7050683904730047,0.0,-0.2825910149140246,-0.9343138224069374,-0.3309878950552228,-0.49936324512913977,-0.4871322151775411,-0.40469445568595713,-0.5003977458695347,-0.6744907594765952,17.0,27.0,0.5666666666666667,0.9,,
3024,condAN2,black_point_0.05,cond2: black point 0.05 diameter,29,30,0.587743700213271,0.679278233294974,4.850748062133789,2.6263770771026627,0.0042,0.0,0.8327123701218605,0.0001,-0.2945737915301817,-0.7520691469793609,-0.4948361132024437,-0.34216642557979926,-0.4666931012540079,-0.6744907594765952,-0.1943495655861576,-0.5058680696074465,18.0,24.0,0.6,0.8,,
3027,condAN2,black_point_0.05,cond2: black point 0.05 diameter,29,30,0.6308041551651522,0.6226810149661567,4.0766754150390625,2.4443658471107494,0.0024,0.0,0.7480376904581749,0.0,-0.3692808288976627,-0.8692118515954442,-0.9348034232107882,-0.4982779637095993,-0.5893277847952071,-0.6744907594765952,-0.3973715310438223,-0.6744907594765952,19.0,26.0,0.6333333333333333,0.8666666666666667,,
3043,condAN2,black_point_0.05,cond2: black point 0.05 diameter,29,30,0.6448864272312435,0.5211738601035084,4.456130027770996,2.09455859899521,0.0016,0.0,0.6738982505482749,0.0,-0.3937126382372562,-1.0793073829590383,-0.7191290600091947,-0.7983086132178508,-0.6438320885912955,-0.6744907594765952,-0.5751334649327041,-0.6744907594765952,20.0,30.0,0.6666666666666666,1.0,,
3028,condAN2,black_point_0.05,cond2: black point 0.05 diameter,29,30,0.6760389277860163,1.1049665987979145,7.912367820739746,4.282519402503969,0.0446,0.004,1.2778293827146867,0.0109,-0.4477601634117252,0.12900395044571264,1.245326925134991,1.0783114525805144,2.2857742404484616,10.117361392148927,0.8728942800849349,17.705382436260624,21.0,12.0,0.7,0.4,,frac>|5| rz=10.1; out_clim=0.011 rz=17.7
3038,condAN2,black_point_0.05,cond2: black point 0.05 diameter,29,30,0.69124082783447,4.343827485388163,25.097139358520508,13.772266836166382,0.3789,0.2334,4.551609695942195,0.2735,-0.47413445314567365,6.832671291941984,11.012805126260634,9.21769421702963,25.061760189238946,629.0300822878727,8.722340139318648,460.5085660326454,22.0,1.0,0.7333333333333333,0.03333333333333333,amp_clim_only,rms rz=6.8; rms rank 1; p99|z| rz=9.2; max|z| rz=11.0; frac>|5| rz=629.0; out_clim=0.274 rz=460.5
3035,condAN2,black_point_0.05,cond2: black point 0.05 diameter,29,30,0.7084807975825891,0.9051679086179469,5.220826148986816,3.3273073601722722,0.0195,0.0002,1.0587026163285003,0.0011,-0.5040446588233939,-0.28453154895736105,-0.2844911785546809,0.25902342746726054,0.5757017088461848,-0.13489815189531904,0.3475005381445628,1.1803588290840419,23.0,18.0,0.7666666666666667,0.6,,
3041,condAN2,black_point_0.05,cond2: black point 0.05 diameter,29,30,0.7240609669049213,0.6609282494270323,5.713730812072754,2.642459914684296,0.005,0.0001,0.9013384899281783,0.0005,-0.5310752206940437,-0.7900492245065581,-0.004334090557291747,-0.3283721310603233,-0.41218879745791936,-0.40469445568595713,-0.029806755620416552,0.16862268986914877,24.0,25.0,0.8,0.8333333333333334,,
3020,condAN2,black_point_0.05,cond2: black point 0.05 diameter,29,30,0.761775565025458,2.373682488330659,13.185506820678711,8.243120765686037,0.2136,0.0895,2.523567969152345,0.1013,-0.5965075505251844,2.754942381303066,4.242472980884109,4.475330256051083,13.799808417372159,240.79320113314446,3.859764703091598,170.14029407797113,25.0,4.0,0.8333333333333334,0.13333333333333333,amp_clim_only,rms rz=2.8; p99|z| rz=4.5; max|z| rz=4.2; frac>|5| rz=240.8; out_clim=0.101 rz=170.1
3046,condAN2,black_point_0.05,cond2: black point 0.05 diameter,29,30,0.7709649340154032,2.5197346316112084,10.348352432250977,7.227693257331849,0.2673,0.1116,2.785074026709369,0.1403,-0.6124504970937371,3.0572353841050774,2.6298915403178906,3.6043952582736067,17.458409809684596,300.41818427087554,4.486770013240785,235.90314312693917,26.0,3.0,0.8666666666666667,0.1,amp_clim_only,rms rz=3.1; rms rank 3; p99|z| rz=3.6; max|z| rz=2.6; frac>|5| rz=300.4; out_clim=0.140 rz=235.9
3047,condAN2,black_point_0.05,cond2: black point 0.05 diameter,29,30,0.8016091683021285,1.021676879812731,8.281537055969238,4.328981103897095,0.0516,0.0045,1.2678881654633956,0.0048,-0.665616213956564,-0.043385846027202093,1.4551552868157276,1.1181617830734776,2.7626868986642363,11.466342911102117,0.8490585186339901,7.419398354242547,27.0,16.0,0.9,0.5333333333333333,,frac>|5| rz=11.5; out_clim=0.005 rz=7.4
3033,condAN2,black_point_0.05,cond2: black point 0.05 diameter,29,30,0.8144095654756079,2.023009963985367,9.919564247131348,6.924763641357424,0.1887,0.063,2.2505403477929473,0.0713,-0.6878240552584347,2.0291341322527594,2.386176967688951,3.344571684217554,12.103361961718903,169.2971806286254,3.2051344814860654,119.55348711722651,28.0,6.0,0.9333333333333333,0.2,amp_clim_only,rms rz=2.0; p99|z| rz=3.3; frac>|5| rz=169.3; out_clim=0.071 rz=119.6
3049,condAN2,black_point_0.05,cond2: black point 0.05 diameter,29,30,0.8157612208510028,1.0636004158627064,5.93938684463501,4.119893698692324,0.0538,0.0019,1.3023078508453263,0.0019,-0.690169087812095,0.043385846027201636,0.1239242557441784,0.9388269341658806,2.9125737341034794,4.451639012545528,0.9315855763616256,2.529340348037232,29.0,15.0,0.9666666666666667,0.5,,frac>|5| rz=4.5; out_clim=0.002 rz=2.5
3034,condAN2,black_point_0.05,cond2: black point 0.05 diameter,29,30,0.8452131403232901,0.800291799459004,5.7289814949035645,3.208101806640625,0.0143,0.0001,1.1139925776539734,0.0001,-0.7412662174411001,-0.5016000099038741,0.004334090557291747,0.1567804926974308,0.22142373417160952,-0.40469445568595713,0.48006763686829046,-0.5058680696074465,30.0,22.0,1.0,0.7333333333333333,,
3060,condAN3,black_triangle_contour_0.4,cond3: black triangle contour 0.4 radius,25,26,-0.21019394675653638,2.1399693768051073,9.098283767700195,4.326676521301275,0.0956,0.0031,1.6897804368599483,0.0166,3.77886200438385,1.584928128215262,0.5538068160434444,-0.14070280919437866,0.2726532628086791,-0.38542329112948304,0.8813977361899777,1.3939475695849637,1.0,2.0,0.038461538461538464,0.07692307692307693,outlier,corr bottom 4% (rank 1/26); corr rz=3.8; rms rz=1.6; rms rank 2
3053,condAN3,black_triangle_contour_0.4,cond3: black triangle contour 0.4 radius,25,26,-0.06938966539052957,2.122498029238838,9.692906379699707,5.943917942047121,0.137,0.0263,1.914045772626402,0.0168,3.1298881206904277,1.5533069964099981,0.9408917734210154,1.2097515251553628,0.786905886056028,3.053738383564365,1.3369048733957005,1.4196424556602623,2.0,3.0,0.07692307692307693,0.11538461538461539,outlier,corr bottom 8% (rank 2/26); corr rz=3.1; rms rz=1.6; rms rank 3; frac>|5| rz=3.1
3063,condAN3,black_triangle_contour_0.4,cond3: black triangle contour 0.4 radius,25,26,-0.03653560611394038,1.9912879274358466,8.709978103637695,5.539306912422181,0.1375,0.0199,1.7917513791302226,0.0099,2.9784621396266906,1.3158317869244607,0.30102920821304185,0.871886867675395,0.7931166665300298,2.1050041284764074,1.0885117417181145,0.5331688860624516,3.0,4.0,0.11538461538461539,0.15384615384615385,,corr bottom 12% (rank 3/26); corr rz=3.0
3050,condAN3,black_triangle_contour_0.4,cond3: black triangle contour 0.4 radius,25,26,0.07497191918689024,1.851149254603797,8.995171546936035,5.8622016000747745,0.1416,0.0275,1.6821169358407917,0.0193,2.464518450887456,1.0621968896832068,0.48668325098864895,1.1415154617030259,0.8440450664168444,3.2316260563933574,0.8658323372919314,1.7408285316014984,4.0,6.0,0.15384615384615385,0.23076923076923078,,frac>|5| rz=3.2
3068,condAN3,black_triangle_contour_0.4,cond3: black triangle contour 0.4 radius,25,26,0.07570749308469804,1.351116012475291,6.487673759460449,3.734684965610506,0.0277,0.0013,1.1037559145622813,0.0015,2.461128154480467,0.15719417043760392,-1.1456372403655173,-0.6350368968733526,-0.570770725560765,-0.6522548003729712,-0.3088814104818326,-0.546016329100101,5.0,12.0,0.19230769230769232,0.46153846153846156,,
3061,condAN3,black_triangle_contour_0.4,cond3: black triangle contour 0.4 radius,25,26,0.1293007887720398,1.3412256955070887,8.175634384155273,3.8907312941551253,0.0349,0.0017,1.1561200537845426,0.0013,2.214114008996245,0.13929383302738887,-0.04681564616494111,-0.5047326404777563,-0.4813354867351392,-0.5929589094299739,-0.20252418381612305,-0.5717112151753998,6.0,13.0,0.23076923076923078,0.5,,
3064,condAN3,black_triangle_contour_0.4,cond3: black triangle contour 0.4 radius,25,26,0.1569252222810947,1.4078468784265539,8.129205703735352,4.436567444801331,0.0481,0.0059,1.2691365508039152,0.0049,2.0867916312583037,0.25987051997889327,-0.07703959563939715,-0.048939964115932946,-0.3173708822214918,0.02964794547149864,0.02702453729307122,-0.1092032658200202,7.0,8.0,0.2692307692307692,0.3076923076923077,,
3070,condAN3,black_triangle_contour_0.4,cond3: black triangle contour 0.4 radius,25,26,0.38367102183307006,1.1228125782595795,7.545299530029297,4.524102802276613,0.048,0.0055,1.1623385616138795,0.0028,1.0417090476974498,-0.2560088156255296,-0.45714841054214145,0.02415518506521475,-0.3186130383162921,-0.02964794547149877,-0.18989372227220258,-0.3789995696106583,8.0,15.0,0.3076923076923077,0.5769230769230769,,
3069,condAN3,black_triangle_contour_0.4,cond3: black triangle contour 0.4 radius,25,26,0.46858910418472605,3.3747509487174345,13.903545379638672,8.816991024017337,0.4257,0.2379,3.613070553055442,0.3109,0.6503174141128141,3.819740908858012,3.681916054927906,3.6088701395307448,4.373010531744666,34.42126469240998,4.787807845671181,39.20397242938725,9.0,1.0,0.34615384615384615,0.038461538461538464,amp_clim_only,rms rz=3.8; rms rank 1; p99|z| rz=3.6; max|z| rz=3.7; frac>|5| rz=34.4; out_clim=0.311 rz=39.2
3056,condAN3,black_triangle_contour_0.4,cond3: black triangle contour 0.4 radius,25,26,0.48470809571073986,0.8941436870768658,6.4413371086120605,2.471058704853058,0.0036,0.0002,0.7054069813904161,0.0001,0.5760241864469114,-0.6698732368114488,-1.1758012808118679,-1.6902099458366022,-0.8701303444076517,-0.8153185004662141,-1.1179711502668075,-0.725880531627193,10.0,19.0,0.38461538461538464,0.7307692307692307,,
3071,condAN3,black_triangle_contour_0.4,cond3: black triangle contour 0.4 radius,25,26,0.5054831379380784,1.0706847054444537,5.849002838134766,3.0017241859436035,0.0101,0.0002,0.9308545728477939,0.0008,0.48027099125020833,-0.35035427643002104,-1.5613965831330763,-1.2470853202639929,-0.7893901982456284,-0.8153185004662141,-0.6600627239658373,-0.6359484303636469,11.0,16.0,0.4230769230769231,0.6153846153846154,,
3074,condAN3,black_triangle_contour_0.4,cond3: black triangle contour 0.4 radius,25,26,0.531140866663625,0.8890411282010655,7.133890628814697,4.037157425880433,0.0384,0.0029,1.0061941116394357,0.001,0.3620132529468741,-0.6791082821417416,-0.7249656677027846,-0.3824615919417176,-0.43786002341712665,-0.4150712366009817,-0.5070399774227953,-0.6102535442883481,12.0,20.0,0.46153846153846156,0.7692307692307693,,
3072,condAN3,black_triangle_contour_0.4,cond3: black triangle contour 0.4 radius,25,26,0.6030917390666743,1.5345580515505834,8.89138126373291,5.757916278839115,0.1336,0.0257,1.8608810363977402,0.0395,0.03038813014851423,0.4892031854391158,0.41911828366459997,1.0544334946787075,0.7446725788328156,2.9647945471498693,1.2289215476755178,4.336012025206684,13.0,7.0,0.5,0.2692307692307692,,frac>|5| rz=3.0; out_clim=0.040 rz=4.3
3065,condAN3,black_triangle_contour_0.4,cond3: black triangle contour 0.4 radius,25,26,0.6162780287930558,1.99061376567189,9.443022727966309,5.657652707099916,0.2759,0.0248,2.352431134104255,0.0842,-0.03038813014851423,1.3146116315863976,0.7782235520506283,0.9707098320914962,2.512260701733727,2.831378792528125,2.227312926504828,10.07881906303598,14.0,5.0,0.5384615384615384,0.19230769230769232,amp_clim_only,frac>|5| rz=2.8; out_clim=0.084 rz=10.1
3054,condAN3,black_triangle_contour_0.4,cond3: black triangle contour 0.4 radius,25,26,0.6470684934180547,1.3879495124357197,8.965312957763672,4.847241668701174,0.1272,0.0083,1.7457430933750104,0.0118,-0.17230290159263467,0.22385857355133534,0.4672460306678917,0.293987677086509,0.6651745887655927,0.385423291129483,0.9950639404318562,0.7772703037777907,15.0,9.0,0.5769230769230769,0.34615384615384615,,
3055,condAN3,black_triangle_contour_0.4,cond3: black triangle contour 0.4 radius,25,26,0.6560805030261228,1.381526283266154,6.391656398773193,4.795587348937989,0.1349,0.0071,1.745619498110622,0.0193,-0.21383969875882025,0.21223326672163295,-1.2081422228856973,0.25085447562552377,0.7608206080652202,0.20753561830049086,0.9948129050907883,1.7408285316014984,16.0,10.0,0.6153846153846154,0.38461538461538464,,
3067,condAN3,black_triangle_contour_0.4,cond3: black triangle contour 0.4 radius,25,26,0.6777607116478722,0.7144458111653827,7.288965225219727,3.4911598777771014,0.0186,0.001,0.9166475145429793,0.0004,-0.313764850551379,-0.9951057466547777,-0.6240158512504058,-0.8383890409433785,-0.6838069301875979,-0.6967267185802193,-0.6889187949873532,-0.6873382025142447,17.0,23.0,0.6538461538461539,0.8846153846153846,,
3052,condAN3,black_triangle_contour_0.4,cond3: black triangle contour 0.4 radius,25,26,0.6909786510519027,1.3676025800693676,10.116707801818848,5.7995875310897835,0.1344,0.0251,1.744668743582519,0.0186,-0.37468698577509474,0.18703296363493963,1.216776262350737,1.0892304782940192,0.7546098275912184,2.875850710735373,0.9928818198795968,1.650896430337952,18.0,11.0,0.6923076923076923,0.4230769230769231,,frac>|5| rz=2.9
3075,condAN3,black_triangle_contour_0.4,cond3: black triangle contour 0.4 radius,25,26,0.7149784046804089,0.7080766380291991,6.4118804931640625,3.285754828453066,0.0185,0.0002,1.0103093432967345,0.0003,-0.48530303500935573,-1.0066332182745763,-1.1949768259476878,-1.0099095916778742,-0.6850490862823981,-0.8153185004662141,-0.49868149712200277,-0.7001856455518941,19.0,24.0,0.7307692307692307,0.9230769230769231,,
3051,condAN3,black_triangle_contour_0.4,cond3: black triangle contour 0.4 radius,25,26,0.7429899080517341,1.18730008742659,8.664389610290527,5.255987701416018,0.1177,0.0132,1.5772328701076725,0.0069,-0.6144094368504088,-0.13929383302738926,0.27135220022833595,0.6353052097981384,0.5471697597595584,1.111797955181201,0.6528014631387251,0.1477455949329685,20.0,14.0,0.7692307692307693,0.5384615384615384,,
3057,condAN3,black_triangle_contour_0.4,cond3: black triangle contour 0.4 radius,25,26,0.747848368730601,0.6671424643128187,7.087596416473389,3.717311871051789,0.0284,0.0017,1.0019955260664435,0.0006,-0.636802321959776,-1.0807193697586324,-0.7551020817061229,-0.6495440511837258,-0.5620756328971626,-0.5929589094299739,-0.5155677585358719,-0.6616433164389458,21.0,25.0,0.8076923076923077,0.9615384615384616,,
3062,condAN3,black_triangle_contour_0.4,cond3: black triangle contour 0.4 radius,25,26,0.7612701783001178,0.9700329313527066,7.357647895812988,4.466248545646668,0.0709,0.0041,1.4047375431653628,0.0066,-0.6986641048403762,-0.5325224236159545,-0.5793050917154282,-0.024155185065214007,-0.03415929260700974,-0.23718356377198951,0.30244480954210695,0.1092032658200202,22.0,17.0,0.8461538461538461,0.6538461538461539,,
3073,condAN3,black_triangle_contour_0.4,cond3: black triangle contour 0.4 radius,25,26,0.7629310920406838,0.5811706575597224,6.704111576080322,3.4480200767517095,0.0182,0.0019,0.8747113439113436,0.0004,-0.7063193382625262,-1.236318462648569,-1.0047414497741112,-0.8744123152241337,-0.6887755545667993,-0.5633109639584752,-0.7740956903131642,-0.6873382025142447,23.0,26.0,0.8846153846153846,1.0,,
3066,condAN3,black_triangle_contour_0.4,cond3: black triangle contour 0.4 radius,25,26,0.7991782727896359,0.7848941907198502,8.319466590881348,4.051231083869935,0.0408,0.0031,1.2413848750048146,0.0011,-0.8733843836956123,-0.8676022735019779,0.04681564616494111,-0.37070958498204337,-0.408048277141918,-0.38542329112948304,-0.029342115862251227,-0.5974061012506986,24.0,22.0,0.9230769230769231,0.8461538461538461,,
3058,condAN3,black_triangle_contour_0.4,cond3: black triangle contour 0.4 radius,25,26,0.809636977138039,0.8785673572322911,9.00156307220459,4.892590389251709,0.0764,0.0084,1.1498526114186056,0.004,-0.9215890683368495,-0.6980646042597429,0.4908439795519922,0.3318554780462706,0.034159292607009915,0.40024726386523224,-0.2152540366930868,-0.22483025315886507,25.0,21.0,0.9615384615384616,0.8076923076923077,,
3059,condAN3,black_triangle_contour_0.4,cond3: black triangle contour 0.4 radius,25,26,0.8608116070710066,0.9407109747569272,9.62064266204834,5.332789516448977,0.0879,0.0147,1.242525916480412,0.0078,-1.1574554639604526,-0.585591796243709,0.8938498387509506,0.6994374677694646,0.1770072435090514,1.334157546217441,-0.02702453729307077,0.26337258227181337,26.0,18.0,1.0,0.6923076923076923,,
3077,condAN4,black_circle_contour_0.3,cond4: black circle contour 0.3 radius,27,28,0.1467127637492172,2.6129810988785196,16.191030502319336,8.202188749313354,0.2194,0.0892,2.630607501660251,0.1741,1.3672286945928733,4.488835333284066,4.849154603142101,4.024657485446143,4.562056592452284,25.440031906345496,4.65115558689867,37.05347623834328,1.0,1.0,0.03571428571428571,0.03571428571428571,outlier,corr bottom 4% (rank 1/28); rms rz=4.5; rms rank 1; p99|z| rz=4.0; max|z| rz=4.8; frac>|5| rz=25.4; out_clim=0.174 rz=37.1
3094,condAN4,black_circle_contour_0.3,cond4: black circle contour 0.3 radius,27,28,0.20436866159550873,1.308223504979111,4.651345252990723,3.0135695838928225,0.0108,0.0,1.1995484373907812,0.002,1.085021861508501,0.9139943278758659,-1.3545161358822184,-0.9893935017760711,-0.7573676958962147,-0.718479287268547,0.33587123405098956,-0.39163979582511976,2.0,10.0,0.07142857142857142,0.35714285714285715,,corr bottom 7% (rank 2/28)
3095,condAN4,black_circle_contour_0.3,cond4: black circle contour 0.3 radius,27,28,0.2123714108877752,1.791020429432488,7.4002509117126465,4.513787317276001,0.0802,0.005,1.8190211021835827,0.04,1.045851011376922,2.2367858187173124,0.12328028844779032,0.4603502484011564,1.0123736541104285,0.7478049724631817,2.2038589112485436,7.876311449371854,3.0,4.0,0.10714285714285714,0.14285714285714285,outlier_soft,corr bottom 11% (rank 3/28); rms rz=2.2; out_clim=0.040 rz=7.9
3093,condAN4,black_circle_contour_0.3,cond4: black circle contour 0.3 radius,27,28,0.23331199703802769,1.3893392257226425,6.876863479614258,4.139585471153262,0.0541,0.0022,1.3718974606819845,0.028,0.9433536655520778,1.1362392920385902,-0.15808988998673498,0.09873821326154789,0.3468081031713309,-0.07331421298658637,0.8555807708595023,5.265379477204388,4.0,8.0,0.14285714285714285,0.2857142857142857,,corr bottom 14% (rank 4/28); out_clim=0.028 rz=5.3
3096,condAN4,black_circle_contour_0.3,cond4: black circle contour 0.3 radius,27,28,0.2542627949903798,1.4630945241164923,9.543045997619629,4.427606387138372,0.0597,0.0045,1.4381982561604523,0.025,0.8408063362834185,1.338317797883086,1.2752350330487885,0.37706882726388474,0.4896114397712906,0.6011765464900086,1.055507379378375,4.612646484162522,5.0,6.0,0.17857142857142858,0.21428571428571427,,out_clim=0.025 rz=4.6
3084,condAN4,black_circle_contour_0.3,cond4: black circle contour 0.3 radius,27,28,0.28517438964535424,1.9219665560367418,8.82845687866211,6.172343878746034,0.1721,0.039,1.9005348567482432,0.0766,0.6895041528290115,2.5955586551989596,0.891075889023621,2.063105605707996,3.3558784100990526,10.718537938638937,2.4496594085147487,15.839653964482624,6.0,2.0,0.21428571428571427,0.07142857142857142,amp_clim_only,rms rz=2.6; rms rank 2; frac>|5| rz=10.7; out_clim=0.077 rz=15.8
3100,condAN4,black_circle_contour_0.3,cond4: black circle contour 0.3 radius,27,28,0.3147345475990349,1.4205230938321893,7.100644588470459,4.635273709297181,0.0757,0.0051,1.4848730802591903,0.0322,0.5448168116688458,1.2216784348697787,-0.03778640796252628,0.5777492989823706,0.8976209729140326,0.7771306576578163,1.1962528895631839,6.179205667463001,7.0,7.0,0.25,0.25,,out_clim=0.032 rz=6.2
3087,condAN4,black_circle_contour_0.3,cond4: black circle contour 0.3 radius,27,28,0.3159772441253048,1.7240317940615064,8.483429908752441,5.455582532882692,0.1318,0.0197,1.8148987582030156,0.0645,0.5387342170989281,2.0532469592845572,0.7055913050721339,1.370459292835363,2.328204398495772,5.058680696074464,2.1914281968772413,13.206964225880428,8.0,5.0,0.2857142857142857,0.17857142857142858,amp_clim_only,rms rz=2.1; frac>|5| rz=5.1; out_clim=0.065 rz=13.2
3081,condAN4,black_circle_contour_0.3,cond4: black circle contour 0.3 radius,27,28,0.3224522006358766,1.2165829480965835,5.974137783050537,3.13469604253769,0.0135,0.0007,1.2028713909710356,0.0012,0.5070414148104448,0.662912884062971,-0.6433902138810565,-0.8723422748148405,-0.688516087178377,-0.513199490906105,0.345891428149289,-0.5657019273029508,9.0,12.0,0.32142857142857145,0.42857142857142855,,
3098,condAN4,black_circle_contour_0.3,cond4: black circle contour 0.3 radius,27,28,0.32629084917686463,0.9901487819644316,5.265379905700684,2.691027021408081,0.0067,0.0002,0.8789111825397191,0.0024,0.48825248100588947,0.04251707575389435,-1.0244145147842452,-1.3010843008668778,-0.8619201387640424,-0.6598279168792779,-0.6309937705776951,-0.3046087300862043,10.0,14.0,0.35714285714285715,0.5,,
3099,condAN4,black_circle_contour_0.3,cond4: black circle contour 0.3 radius,27,28,0.3428600408900674,1.2927835843588569,9.911711692810059,4.440775094032289,0.051,0.0052,1.3329976602222429,0.0165,0.4071516865543547,0.8716912505750659,1.4734276645044855,0.3897944804091244,0.2677562561249245,0.8064563428524507,0.7382804410240519,2.7632363372105675,11.0,11.0,0.39285714285714285,0.39285714285714285,,out_clim=0.017 rz=2.8
3079,condAN4,black_circle_contour_0.3,cond4: black circle contour 0.3 radius,27,28,0.3755006615220057,1.831039129275747,9.386099815368652,6.2879033327102665,0.1494,0.038,1.930750079852307,0.0718,0.24738648433679497,2.346431081447881,1.1908616366003362,2.1747771267349703,2.777014884952788,10.425281086692591,2.5407718459635333,14.795281175615637,12.0,3.0,0.42857142857142855,0.10714285714285714,amp_clim_only,rms rz=2.3; rms rank 3; frac>|5| rz=10.4; out_clim=0.072 rz=14.8
3097,condAN4,black_circle_contour_0.3,cond4: black circle contour 0.3 radius,27,28,0.4072936681042333,0.7363481719102669,3.9968178272247314,2.2095842838287356,0.0006,0.0,0.7029354467944284,0.0,0.0917700767019573,-0.6528587030585441,-1.7063864470200056,-1.7663291678901896,-1.0174737732747126,-0.718479287268547,-1.1616394706069695,-0.8267951245196973,13.0,24.0,0.4642857142857143,0.8571428571428571,,
3083,condAN4,black_circle_contour_0.3,cond4: black circle contour 0.3 radius,27,28,0.4082015741614857,0.9198949754657125,6.2504072189331055,3.239326324462894,0.0146,0.0002,0.9577060968178644,0.0007,0.08732617238815413,-0.1499678650748894,-0.49486929858389456,-0.7712322199708197,-0.6604654317748134,-0.6598279168792779,-0.39339179511903005,-0.6744907594765952,14.0,18.0,0.5,0.6428571428571429,,
3088,condAN4,black_circle_contour_0.3,cond4: black circle contour 0.3 radius,27,28,0.44388369297831654,0.9037812014222376,6.888505935668945,3.137907719612126,0.0127,0.0004,0.9851751521937419,0.0016,-0.08732617238815413,-0.19411720014818845,-0.151830970233179,-0.8692386528120857,-0.708916563835514,-0.6011765464900086,-0.31056028396016594,-0.4786708615640352,15.0,19.0,0.5357142857142857,0.6785714285714286,,
3078,condAN4,black_circle_contour_0.3,cond4: black circle contour 0.3 radius,27,28,0.5009547010284697,1.3259667766658652,9.431510925292969,5.317395253181459,0.0919,0.014,1.4984461866940142,0.0251,-0.3666701605037151,0.9626082432057941,1.2152743972413154,1.2369212465618582,1.3107306252210587,3.3871166399802934,1.2371818877297491,4.6344042505972505,16.0,9.0,0.5714285714285714,0.32142857142857145,,frac>|5| rz=3.4; out_clim=0.025 rz=4.6
3085,condAN4,black_circle_contour_0.3,cond4: black circle contour 0.3 radius,27,28,0.5019340961772643,0.95911272896159,7.014279365539551,3.6198900723457355,0.0256,0.002,1.0598529995138493,0.0024,-0.3714639806262696,-0.04251707575389435,-0.08421587244007428,-0.4034723256833591,-0.3799588777391783,-0.13196558337585554,-0.08537311028518309,-0.3046087300862043,17.0,15.0,0.6071428571428571,0.5357142857142857,,
3103,condAN4,black_circle_contour_0.3,cond4: black circle contour 0.3 radius,27,28,0.5440302726326017,1.1099412794910188,6.496400833129883,4.433778758049014,0.0625,0.0049,1.2604987232938316,0.0091,-0.5775110475558818,0.3707306338129556,-0.3626244969790871,0.3830335322212774,0.5610131080712704,0.718479287268547,0.519663658574915,1.1531616210406306,18.0,13.0,0.6428571428571429,0.4642857142857143,,
3089,condAN4,black_circle_contour_0.3,cond4: black circle contour 0.3 radius,27,28,0.5580188502777014,0.724227098361903,5.069169998168945,3.2319917535781877,0.0148,0.0001,0.8500617463763189,0.0007,-0.6459805770236695,-0.6860686348902194,-1.129895872010356,-0.7783200233367722,-0.6553653126105292,-0.6891536020739125,-0.7179877483754953,-0.6744907594765952,19.0,26.0,0.6785714285714286,0.9285714285714286,,
3102,condAN4,black_circle_contour_0.3,cond4: black circle contour 0.3 radius,27,28,0.5607762941181886,0.8186052250317356,9.940606117248535,3.9814128232002264,0.029,0.003,0.9744511814736265,0.0039,-0.6594773661241791,-0.4274866585825667,1.4889611467041282,-0.05411280477153014,-0.29325685194634565,0.1612912685704902,-0.34289786121630383,0.02175776643472884,20.0,23.0,0.7142857142857143,0.8214285714285714,,
3086,condAN4,black_circle_contour_0.3,cond4: black circle contour 0.3 radius,27,28,0.5787456996680738,0.8911272440626783,7.460572719573975,4.082004289627076,0.0366,0.0027,1.0564136152709114,0.0037,-0.7474317510539076,-0.22878715406234598,0.15570895753788883,0.043094318253617724,-0.0994523237035432,0.0733142129865865,-0.0957443950053964,-0.02175776643472884,21.0,20.0,0.75,0.7142857142857143,,
3092,condAN4,black_circle_contour_0.3,cond4: black circle contour 0.3 radius,27,28,0.5826639509453039,0.8341688006716454,5.629187107086182,2.9716054034233164,0.01,0.0003,0.8326815534035185,0.001,-0.766610314314232,-0.3848447849897533,-0.8288337826310133,-1.0299458209582875,-0.7777681725533517,-0.6305022316846434,-0.7703968184534556,-0.6092174601724085,22.0,21.0,0.7857142857142857,0.75,,
3090,condAN4,black_circle_contour_0.3,cond4: black circle contour 0.3 radius,27,28,0.5931231756442723,0.9275125197940004,7.241220474243164,3.9867580652236945,0.0404,0.0018,1.1164768292913074,0.0032,-0.8178048111319342,-0.12909693092389984,0.03778640796252628,-0.04894740041436923,-0.0025500595821420337,-0.19061695376512472,0.08537311028518242,-0.13054659860837323,23.0,17.0,0.8214285714285714,0.6071428571428571,,
3101,condAN4,black_circle_contour_0.3,cond4: black circle contour 0.3 radius,27,28,0.5994785890334947,0.6924396734013754,6.048215389251709,2.7695670509338393,0.0071,0.0001,0.7698455639986502,0.0017,-0.8489124887939139,-0.7731614333813323,-0.6035665039550069,-1.225186706531069,-0.8517199004354737,-0.6891536020739125,-0.9598754840408543,-0.4569130951293065,24.0,27.0,0.8571428571428571,0.9642857142857143,,
3076,condAN4,black_circle_contour_0.3,cond4: black circle contour 0.3 radius,27,28,0.6037996236519728,0.9517994887179234,7.547400951385498,3.992814927101136,0.0406,0.0021,1.043075711820931,0.0027,-0.870062545264799,-0.06255426214598715,0.2023873330197251,-0.043094318253618154,0.0025500595821422107,-0.10263989818122102,-0.13596415077548749,-0.2393354307820176,25.0,16.0,0.8928571428571429,0.5714285714285714,,
3080,condAN4,black_circle_contour_0.3,cond4: black circle contour 0.3 radius,27,28,0.6966341179447331,0.8258082903354402,9.437419891357422,4.568666987419133,0.0467,0.0067,1.0427987843989652,0.0084,-1.324457145192692,-0.4077513350767189,1.2184510245998534,0.513383522859506,0.15810369409281264,1.2463416207719695,-0.13679921104708684,1.0008572559975284,26.0,22.0,0.9285714285714286,0.7857142857142857,,
3091,condAN4,black_circle_contour_0.3,cond4: black circle contour 0.3 radius,27,28,0.7576646098495111,0.6362222014129136,6.683088302612305,3.9705830311775223,0.0343,0.0013,0.9543620332531859,0.0026,-1.6231815165995047,-0.9271889132936152,-0.2622623495940033,-0.06457823452300228,-0.15810369409281244,-0.3372453797382976,-0.4034756452799959,-0.26109319721674656,27.0,28.0,0.9642857142857143,1.0,,
3082,condAN4,black_circle_contour_0.3,cond4: black circle contour 0.3 radius,27,28,0.7734099717686215,0.7340373793778254,8.112930297851562,4.377427954673768,0.0482,0.0041,1.01668046071746,0.0055,-1.7002499326495935,-0.6591899295933328,0.5064127707096473,0.328578619982307,0.19635458782494472,0.4838738057114706,-0.21555766086896475,0.36988202939039083,28.0,25.0,1.0,0.8928571428571429,,
3109,condAN5,black_bar_vertical_1,"cond5: black bar vertical, 1deg",24,25,-0.5764476191330555,2.8312913135474114,9.880792617797852,6.532088589668274,0.2209,0.058,2.4133190932917183,0.0484,3.10317186455216,2.9764840011275964,0.7276580939689776,1.5662264471785807,3.951196657249329,13.814569999650264,1.6136247935945698,31.97086199919061,1.0,3.0,0.04,0.12,outlier,corr bottom 4% (rank 1/25); corr rz=3.1; rms rz=3.0; rms rank 3; frac>|5| rz=13.8; out_clim=0.048 rz=32.0
3119,condAN5,black_bar_vertical_1,"cond5: black bar vertical, 1deg",24,25,-0.5496748079941459,2.7672591541681753,11.198190689086914,7.4253291988372805,0.1881,0.0635,2.387841524603991,0.0469,3.028008267651299,2.86201978072403,1.0771528763065006,2.0771629248478143,3.253300855645785,15.188532657843327,1.5783863262501803,30.959125859975718,2.0,4.0,0.08,0.16,outlier,corr bottom 8% (rank 2/25); corr rz=3.0; rms rz=2.9; frac>|5| rz=15.2; out_clim=0.047 rz=31.0
3113,condAN5,black_bar_vertical_1,"cond5: black bar vertical, 1deg",24,25,-0.46014360173509894,2.157636056913128,10.292716026306152,6.310963234901431,0.1095,0.0289,1.8226762214547672,0.0182,2.776652985518721,1.772254368409444,0.8369379579173668,1.439742038914789,1.5809042091202217,6.54505848084696,0.7966963885914473,11.601241062997438,3.0,5.0,0.12,0.2,outlier,corr bottom 12% (rank 3/25); corr rz=2.8; rms rz=1.8; frac>|5| rz=6.5; out_clim=0.018 rz=11.6
3108,condAN5,black_bar_vertical_1,"cond5: black bar vertical, 1deg",24,25,-0.41985834385820336,2.1130533334521657,9.373636245727539,5.522038788795472,0.1168,0.0197,1.797173021672265,0.0059,2.663553734625879,1.6925580605869461,0.5931137146118972,0.9884747392613059,1.736228579599059,4.246793670778561,0.7614224704351188,3.305004721435316,4.0,6.0,0.16,0.24,outlier,corr rz=2.7; rms rz=1.7; frac>|5| rz=4.2; out_clim=0.006 rz=3.3
3124,condAN5,black_bar_vertical_1,"cond5: black bar vertical, 1deg",24,25,-0.38603272613913253,1.5435387073650813,7.193598747253418,3.498718841075899,0.0217,0.001,1.1871316308084483,0.0006,2.56858966522101,0.6744907594765952,0.01476784663037891,-0.16887072474248935,-0.2872436988307267,-0.4246793670778562,-0.08233636284144366,-0.2697963037906381,5.0,9.0,0.2,0.36,,corr rz=2.6
3117,condAN5,black_bar_vertical_1,"cond5: black bar vertical, 1deg",24,25,-0.24172684195518718,1.442489456741998,7.137932300567627,3.7939457345008853,0.0259,0.0027,1.1368129077584854,0.0023,2.163456664694934,0.49385459466397236,0.0,0.0,-0.19787899252783397,0.0,-0.1519330618334323,0.8768379873195737,6.0,11.0,0.24,0.44,,
3114,condAN5,black_bar_vertical_1,"cond5: black bar vertical, 1deg",24,25,-0.06540022131942405,0.9411877423246161,4.3813018798828125,2.0783215332031264,0.0008,0.0,0.6889065503384465,0.0,1.6684267267630095,-0.4022749515522065,-0.7313111882117208,-0.9813425155744526,-0.7319394992427405,-0.6744907594765951,-0.7714401169510309,-0.6744907594765952,7.0,17.0,0.28,0.68,,
3116,condAN5,black_bar_vertical_1,"cond5: black bar vertical, 1deg",24,25,-0.061307632649488165,1.1662234235291753,5.417577743530273,3.3962788009643563,0.0191,0.0003,0.9897472200374311,0.0,1.65693694769304,0.0,-0.4563957960457714,-0.22746675444559422,-0.34256470749442225,-0.5995473417569734,-0.35534216643668537,-0.6744907594765952,8.0,13.0,0.32,0.52,,
3111,condAN5,black_bar_vertical_1,"cond5: black bar vertical, 1deg",24,25,-0.05827560366990428,1.000595195280879,4.59548282623291,2.61477266073227,0.0042,0.0,0.7951440197694497,0.0,1.6484246475527695,-0.29607788035043103,-0.6744907594765952,-0.6744907594765952,-0.6595966417594464,-0.6744907594765951,-0.6245012295249999,-0.6744907594765952,9.0,16.0,0.36,0.64,,
3127,condAN5,black_bar_vertical_1,"cond5: black bar vertical, 1deg",24,25,0.19180493397513168,0.8888986858261975,5.421215534210205,3.100689730644226,0.0115,0.0003,0.7938376055302349,0.0,0.946333536284144,-0.4957471403047597,-0.4554307203487741,-0.3965446455273638,-0.504272271280609,-0.5995473417569734,-0.6263081537284461,-0.6744907594765952,10.0,19.0,0.4,0.76,,
3106,condAN5,black_bar_vertical_1,"cond5: black bar vertical, 1deg",24,25,0.2641731140765113,0.844395338742208,4.515127182006836,2.813612747192385,0.007,0.0,0.722745982978168,0.0,0.7431627639148682,-0.5753015545038542,-0.6958084454520297,-0.5607535957689445,-0.6000201708908512,-0.6744907594765951,-0.7246362104777304,-0.6744907594765952,11.0,21.0,0.44,0.84,,
3112,condAN5,black_bar_vertical_1,"cond5: black bar vertical, 1deg",24,25,0.4990146101862687,0.6357983931798585,3.822474956512451,1.764814500808717,0.0004,0.0,0.5963720027131505,0.0,0.08385465250270817,-0.9481905369126239,-0.8795633362937092,-1.1606695381167365,-0.7404504236525399,-0.6744907594765951,-0.8994262554514656,-0.6744907594765952,12.0,25.0,0.48,1.0,,
3125,condAN5,black_bar_vertical_1,"cond5: black bar vertical, 1deg",24,25,0.5288831219012553,3.8387934264362698,22.035415649414062,14.337453832626345,0.3031,0.1644,4.0389652693817455,0.1609,-0.0,4.777500006596955,3.9521787786491536,6.030920263404637,5.700191623463086,40.39450215087608,3.862084228315826,107.85107244030756,13.0,1.0,0.52,0.04,amp_clim_only,rms rz=4.8; rms rank 1; p99|z| rz=6.0; max|z| rz=4.0; frac>|5| rz=40.4; out_clim=0.161 rz=107.9
3120,condAN5,black_bar_vertical_1,"cond5: black bar vertical, 1deg",24,25,0.5332098141091369,0.6670048627237115,5.4571614265441895,2.6380993628501894,0.0052,0.0001,0.7589483163069632,0.0001,-0.012147015393339669,-0.8924056900089119,-0.4458945732334977,-0.6611478114585275,-0.6383193307349482,-0.6495096202367213,-0.6745641350597978,-0.6070416835289356,14.0,24.0,0.56,0.96,,
3107,condAN5,black_bar_vertical_1,"cond5: black bar vertical, 1deg",24,25,0.544067268567779,0.7045310272057589,4.139259338378906,2.4346075558662426,0.0035,0.0,0.7739896712467738,0.0,-0.04262888470712236,-0.8253237236373946,-0.7955230670681666,-0.7775457741436895,-0.6744907594765952,-0.6744907594765951,-0.6537601760416362,-0.6744907594765952,15.0,22.0,0.6,0.88,,
3122,condAN5,black_bar_vertical_1,"cond5: black bar vertical, 1deg",24,25,0.5639636105476344,3.6433648476450315,17.796541213989258,11.283514842987065,0.3405,0.1925,3.8600441212817267,0.1926,-0.09848706936379875,4.4281508649659465,2.8276405464690484,4.284057419993763,6.495963055779322,47.41420227728065,3.6146152836994503,129.23242951571564,16.0,2.0,0.64,0.08,amp_clim_only,rms rz=4.4; rms rank 2; p99|z| rz=4.3; max|z| rz=2.8; frac>|5| rz=47.4; out_clim=0.193 rz=129.2
3123,condAN5,black_bar_vertical_1,"cond5: black bar vertical, 1deg",24,25,0.5950888710260842,1.0732601770428196,6.544729232788086,4.242945761680605,0.0353,0.0036,1.2473288510463434,0.0034,-0.18586999377536587,-0.16618158185519294,-0.15737185409167892,0.2568294477498285,0.0021277311024497404,0.22483025315886498,0.0009234570250368922,1.6187778227438283,17.0,15.0,0.68,0.6,,
3110,condAN5,black_bar_vertical_1,"cond5: black bar vertical, 1deg",24,25,0.601003621243752,1.9029597661631805,13.089011192321777,7.400200309753421,0.1467,0.0459,2.1598274289747423,0.0371,-0.20247541854093884,1.316993709412869,1.578771874101735,2.0627891201366824,2.372420179231557,10.791852151625521,1.263016074034469,24.349116417105087,18.0,8.0,0.72,0.32,,frac>|5| rz=10.8; out_clim=0.037 rz=24.3
3104,condAN5,black_bar_vertical_1,"cond5: black bar vertical, 1deg",24,25,0.6093752136105527,1.9353192894994926,11.656189918518066,6.81519157409668,0.1725,0.0538,2.110078421376511,0.0336,-0.22597832941614565,1.3748397612597958,1.1986562734111952,1.7281622573026472,2.9213748036636122,12.765362151575559,1.1942073583695987,21.988398758937002,19.0,7.0,0.76,0.28,,frac>|5| rz=12.8; out_clim=0.034 rz=22.0
3128,condAN5,black_bar_vertical_1,"cond5: black bar vertical, 1deg",24,25,0.6444939041465683,0.687420291891869,4.199857234954834,2.9020918822288526,0.0076,0.0,0.8614677039205975,0.0,-0.3245726490577948,-0.8559109628812938,-0.7794469476814178,-0.5101432483007409,-0.5872537842761524,-0.6744907594765951,-0.532767791112346,-0.6744907594765952,20.0,23.0,0.8,0.92,,
3105,condAN5,black_bar_vertical_1,"cond5: black bar vertical, 1deg",24,25,0.6470206704497988,1.1146987943639102,8.283613204956055,4.340164580345154,0.0615,0.0029,1.3340439129125468,0.001,-0.3316664444345038,-0.09210569448478424,0.3039396421126477,0.3124389221308012,0.5595932799443044,0.0499622784797477,0.12086056379106962,0.0,21.0,14.0,0.84,0.56,,
3115,condAN5,black_bar_vertical_1,"cond5: black bar vertical, 1deg",24,25,0.6543606119543764,1.4076820219699426,6.172593593597412,4.46396989822388,0.1074,0.0037,1.6834621829352356,0.0037,-0.35227303675921406,0.4316326436309846,-0.25609635282403054,0.3832559588668768,1.5362218559687748,0.24981139239873892,0.6041470362423699,1.821125050586807,22.0,12.0,0.88,0.48,,
3121,condAN5,black_bar_vertical_1,"cond5: black bar vertical, 1deg",24,25,0.6567035775623385,0.8727394511603924,8.080829620361328,3.2999634742736816,0.0147,0.0004,1.0724449867839358,0.0004,-0.3588508190322719,-0.5246334720522948,0.2501428389260382,-0.2825594285355872,-0.4361848760022146,-0.5745662025170996,-0.24096145025969912,-0.40469445568595713,23.0,20.0,0.92,0.8,,
3118,condAN5,black_bar_vertical_1,"cond5: black bar vertical, 1deg",24,25,0.7691325839144246,1.4769066201234196,7.775272846221924,5.365523619651794,0.1304,0.0174,1.7343210078363085,0.0044,-0.6744907594765952,0.5553788945337357,0.1690811609131706,0.8989475632650519,2.025600009532235,3.6722274682614615,0.6744907594765952,2.2932685822204237,24.0,10.0,0.96,0.4,,frac>|5| rz=3.7; out_clim=0.004 rz=2.3
3126,condAN5,black_bar_vertical_1,"cond5: black bar vertical, 1deg",24,25,0.775345325757808,0.9130804246649246,5.586928367614746,3.7630242490768455,0.0352,0.0005,1.2466611875082103,0.0001,-0.6919327838177194,-0.45251973846462884,-0.41146848000285935,-0.01768718829471647,0.0,-0.5495850632772257,0.0,-0.6070416835289356,25.0,18.0,1.0,0.72,,
3150,condAN7,black_bar_horizontal_1,cond7: black bar horizontal 1deg,22,23,-0.25916553550040783,1.6084363736472884,7.860213756561279,3.9662658691406256,0.0358,0.0028,1.20359335882682,0.0323,1.8413789226522788,1.152945849235255,0.4798747788867432,0.2138190846833618,0.19913536708356613,0.4637123971401593,0.43982859058807183,4.151865341667042,1.0,3.0,0.043478260869565216,0.13043478260869565,outlier_soft,corr bottom 4% (rank 1/23); rms rank 3; out_clim=0.032 rz=4.2
3142,condAN7,black_bar_horizontal_1,cond7: black bar horizontal 1deg,22,23,-0.17501311085597795,1.7117490449494441,7.506568908691406,5.060340175628663,0.0781,0.0108,1.521048965755974,0.0479,1.6245965112706728,1.360959515353261,0.30058475479300173,1.172417498783412,1.557752468314994,3.8361661945231362,1.2772892821116848,6.4900999745192385,2.0,2.0,0.08695652173913043,0.08695652173913043,outlier,corr bottom 9% (rank 2/23); rms rank 2; frac>|5| rz=3.8; out_clim=0.048 rz=6.5
3131,condAN7,black_bar_horizontal_1,cond7: black bar horizontal 1deg,22,23,-0.010371258949970043,1.423552375265744,9.21668529510498,4.629735746383668,0.0483,0.0074,1.3076359918583085,0.0223,1.2004678207269945,0.7806933672776224,1.1675754941463166,0.7951335057942002,0.6006179620101111,2.402873330635371,0.714297251732031,2.652996987274608,3.0,5.0,0.13043478260869565,0.21739130434782608,,corr bottom 13% (rank 3/23); out_clim=0.022 rz=2.7
3145,condAN7,black_bar_horizontal_1,cond7: black bar horizontal 1deg,22,23,0.024554259117043994,1.1052327902646861,6.212653636932373,3.4115427637100257,0.0172,0.0017,0.9649793780856668,0.0046,1.1104972933499169,0.13977659454627375,-0.35540133307529526,-0.2722143464803398,-0.3982707341671325,0.0,-0.18964471199966226,0.0,4.0,11.0,0.17391304347826086,0.4782608695652174,,
3146,condAN7,black_bar_horizontal_1,cond7: black bar horizontal 1deg,22,23,0.07482102022103532,1.3603273468412411,9.02971076965332,4.475474414825441,0.0506,0.0055,1.2928785562538094,0.0169,0.9810066728418407,0.6533936877007422,1.072783593811665,0.6599738855455957,0.6744907594765952,1.6019155537569136,0.6753665415580663,1.8436080759026934,5.0,8.0,0.21739130434782608,0.34782608695652173,,
3137,condAN7,black_bar_horizontal_1,cond7: black bar horizontal 1deg,22,23,0.1040949350563848,1.208525369715957,9.518473625183105,4.189311704635621,0.0379,0.0035,1.1368777327707142,0.0093,0.9055950625953039,0.34774980696669383,1.3205754241518752,0.4092458330396546,0.2665844430312258,0.7588021044111698,0.2638300789446916,0.7044681265644438,6.0,10.0,0.2608695652173913,0.43478260869565216,,
3130,condAN7,black_bar_horizontal_1,cond7: black bar horizontal 1deg,22,23,0.12570603571089004,1.3471486870169878,7.879554748535156,4.821937661170961,0.0723,0.0075,1.2474187535667212,0.0202,0.8499233866775935,0.6268592722218559,0.4896802290095998,0.9635356422939724,1.3714645442690772,2.445029003102658,0.5554417490394319,2.338234632852197,7.0,9.0,0.30434782608695654,0.391304347826087,,out_clim=0.020 rz=2.3
3139,condAN7,black_bar_horizontal_1,cond7: black bar horizontal 1deg,22,23,0.1876920883575571,0.9386260684361464,5.300621509552002,2.778636248111725,0.0065,0.0002,0.8413429347389121,0.0009,0.6902430682369876,-0.19567572287661553,-0.8177812124294577,-0.8267499740225205,-0.7419398354242549,-0.6323350870093081,-0.5158026348168836,-0.5545812911252006,8.0,13.0,0.34782608695652173,0.5652173913043478,,
3148,condAN7,black_bar_horizontal_1,cond7: black bar horizontal 1deg,22,23,0.3408130157120227,2.3710035205424838,13.425259590148926,7.585629706382756,0.2005,0.0772,2.4881903076217187,0.1705,0.29579306866605,2.688327578189811,3.3012284833067174,3.385008110745473,5.48907003783572,31.827532712801847,3.8286471390252492,24.86622599937048,9.0,1.0,0.391304347826087,0.043478260869565216,amp_clim_only,rms rz=2.7; rms rank 1; p99|z| rz=3.4; max|z| rz=3.3; frac>|5| rz=31.8; out_clim=0.171 rz=24.9
3135,condAN7,black_bar_horizontal_1,cond7: black bar horizontal 1deg,22,23,0.4277988335894822,0.6896684867615204,5.715025901794434,2.9419828629493727,0.0091,0.0001,0.7229489894370362,0.0007,0.07171164219315265,-0.6969363970929764,-0.6076874590007728,-0.6836300734788247,-0.6584314556795335,-0.6744907594765953,-0.8281306364037163,-0.5845586582130492,10.0,20.0,0.43478260869565216,0.8695652173913043,,
3136,condAN7,black_bar_horizontal_1,cond7: black bar horizontal 1deg,22,23,0.4342812644823438,0.7241178744037529,4.2197394371032715,2.4867050218582163,0.0018,0.0,0.7344308529033134,0.0001,0.055012456085243286,-0.6275746883242324,-1.3657642354512816,-1.0825322448000825,-0.8928972911166357,-0.7166464319438824,-0.7978410176079956,-0.6744907594765952,11.0,16.0,0.4782608695652174,0.6956521739130435,,
3147,condAN7,black_bar_horizontal_1,cond7: black bar horizontal 1deg,22,23,0.4556364636228736,1.5215359733632063,6.157835006713867,4.34854054927826,0.1175,0.0024,1.6815095045393844,0.0606,-0.0,0.9779772744962826,-0.38319315187843045,0.5487578543422827,2.823225607523463,0.2950897072710104,1.7005906535119246,8.39366278459763,12.0,4.0,0.5217391304347826,0.17391304347826086,amp_clim_only,out_clim=0.061 rz=8.4
3129,condAN7,black_bar_horizontal_1,cond7: black bar horizontal 1deg,22,23,0.5215523510123541,1.3907499670657195,7.39744758605957,5.189181098937991,0.1049,0.0137,1.5498789101314052,0.0473,-0.16980384198110907,0.7146477496279697,0.24526268610842786,1.2853044425888678,2.418531151837506,5.0586806960744655,1.353343837855046,6.400167873255693,13.0,6.0,0.5652173913043478,0.2608695652173913,,frac>|5| rz=5.1; out_clim=0.047 rz=6.4
3149,condAN7,black_bar_horizontal_1,cond7: black bar horizontal 1deg,22,23,0.5370151582918165,0.6774938988364957,5.583258152008057,2.0661214971542368,0.0026,0.0001,0.6686045142836868,0.0011,-0.2096370929294259,-0.7214491759790601,-0.6744907594765952,-1.4510361913665786,-0.8672024050413369,-0.6744907594765953,-0.9714935531360973,-0.5246039240373518,14.0,21.0,0.6086956521739131,0.9130434782608695,,
3151,condAN7,black_bar_horizontal_1,cond7: black bar horizontal 1deg,22,23,0.5508655689815581,0.7039242272692814,7.246711730957031,2.9524138092994696,0.0096,0.0008,0.8223626782688073,0.0014,-0.24531669979321352,-0.6682333463551483,0.16884298070084558,-0.6744907594765952,-0.6423721518824719,-0.3794010522055848,-0.565873316706893,-0.4796378734055788,15.0,17.0,0.6521739130434783,0.7391304347826086,,
3144,condAN7,black_bar_horizontal_1,cond7: black bar horizontal 1deg,22,23,0.6099434329787861,0.7008164023023818,6.913673400878906,3.401651887893678,0.0173,0.0016,0.8807647632017453,0.0031,-0.3975053250254316,-0.6744907594765952,0.0,-0.28088046523971977,-0.39505887340772017,-0.04215567246728714,-0.4118062617650216,-0.2248302531588651,16.0,18.0,0.6956521739130435,0.782608695652174,,
3132,condAN7,black_bar_horizontal_1,cond7: black bar horizontal 1deg,22,23,0.6416976540936526,1.365252714958906,10.009809494018555,5.450700178146363,0.109,0.016,1.5024466688959668,0.0339,-0.4793063741801231,0.6633106114064486,1.5696717146598065,1.5144404099536146,2.5502174429734126,6.028261162822071,1.2282156729131997,4.391684278369831,17.0,7.0,0.7391304347826086,0.30434782608695654,,frac>|5| rz=6.0; out_clim=0.034 rz=4.4
3140,condAN7,black_bar_horizontal_1,cond7: black bar horizontal 1deg,22,23,0.6462666402658144,0.5323559832552222,4.921303749084473,2.6424086022377016,0.0046,0.0,0.6775328008968154,0.0004,-0.4910763955925245,-1.0136753814605597,-1.01008682870817,-0.9461089650133668,-0.8029651898530896,-0.7166464319438824,-0.9479403730443047,-0.6295247088448221,18.0,23.0,0.782608695652174,1.0,,
3143,condAN7,black_bar_horizontal_1,cond7: black bar horizontal 1deg,22,23,0.6702750714589094,0.6931293807273387,5.290891170501709,3.1135752415657048,0.0116,0.0001,0.9173950082071819,0.001,-0.5529237592248806,-0.6899681014057026,-0.8227142765848535,-0.533285456995438,-0.5781349366942246,-0.6744907594765953,-0.31517419843599603,-0.5395926075812761,19.0,19.0,0.8260869565217391,0.8260869565217391,,
3141,condAN7,black_bar_horizontal_1,cond7: black bar horizontal 1deg,22,23,0.7174659748294023,1.0358109410295417,8.963979721069336,4.46566759586335,0.0654,0.0047,1.2925465741858448,0.0184,-0.6744907594765952,0.0,1.0394594230926113,0.6513814151359729,1.1498461518696244,1.2646701740186164,0.6744907594765952,2.068438329061559,20.0,12.0,0.8695652173913043,0.5217391304347826,,out_clim=0.018 rz=2.1
3138,condAN7,black_bar_horizontal_1,cond7: black bar horizontal 1deg,22,23,0.7433425597459867,0.6674469656175227,5.425022125244141,3.5000597834587115,0.0212,0.0004,0.9344898255302486,0.0021,-0.7411506150926431,-0.7416780538677082,-0.7547128840795231,-0.19465811995279475,-0.2697963037906381,-0.5480237420747337,-0.2700773810405477,-0.3747170885981085,21.0,22.0,0.9130434782608695,0.9565217391304348,,
3133,condAN7,black_bar_horizontal_1,cond7: black bar horizontal 1deg,22,23,0.7561420384971729,0.7277132723149449,5.780688285827637,3.7222283625602737,0.0296,0.0015,0.963525026855584,0.0046,-0.7741229492806803,-0.6203355772719904,-0.574398099672407,0.0,0.0,-0.08431134493457436,-0.19348134918696866,0.0,22.0,15.0,0.9565217391304348,0.6521739130434783,,
3134,condAN7,black_bar_horizontal_1,cond7: black bar horizontal 1deg,22,23,0.7607873419564177,0.7437213880155513,6.509410381317139,3.6465681505203253,0.0272,0.0011,1.0368678592503495,0.0031,-0.7860895692533001,-0.5881042275977043,-0.20495230442069892,-0.06629143819744845,-0.07708465822589669,-0.2529340348037232,0.0,-0.2248302531588651,23.0,14.0,1.0,0.6086956521739131,,
